IMPACTREE STANDARD QUESTIONNAIRE,,,,,,,,,,,,,,,,
A unified sustainability disclosure framework integrating BRSR · CDP · EcoVadis · GRI  |  Version 1.0  |  © Impactree,,,,,,,,,,,,,,,,
Standard Coverage Legend:  🟢 All 4 standards  |  🟡 3 standards  |  🟠 2 standards  |  🔵 1 standard  |  ⚪ No source mapping (reserved indicator),,,,,,,,,,,,,,,,
Impactree ID,Module,Indicator,Impactree Question,Response Format,Metric / Unit,Reporting Period,Guidance Note,BRSR,CDP,"Eco
Vadis",GRI,"Standards
Covered",BRSR IDs,CDP IDs,EcoVadis IDs,GRI IDs
  M01  ·  GENERAL & ORGANIZATIONAL PROFILE,,,,,,,,,,,,,,,,
IMP-M01-I01,General & Organizational Profile,Company Identity & Registration,"Provide your company's full legal name, corporate identity number (CIN), year of incorporation, registered address, corporate address, email, telephone, and website.",Data Table,Text / Alphanumeric,As at reporting date,"Provide the company's full legal name, CIN/registration number, year of incorporation, registered office address, corporate address, official email, telephone, and company website.",✓,—,—,✓,2,BRSR-1 | BRSR-2 | BRSR-3 | BRSR-4 | BRSR-5 | BRSR-10 | BRSR-11 | BRSR-12 | BRSR-1 | BRSR-2 | BRSR-4 | BRSR-5 | BRSR-6 | BRSR-1 | BRSR-2 | BRSR-3 | BRSR-4 | BRSR-5 | BRSR-6,,,GRI-2-1a | GRI-2-1b | GRI-2-1c | GRI-2-1d
IMP-M01-I02,General & Organizational Profile,Business Activities & Products,"Describe your company's main business activities and products/services sold, including their NIC codes and percentage contribution to total turnover.",Data Table,% of Turnover; NIC Code,Current FY,List all main business activities and products/services that together account for at least 90% of total turnover. Include NIC codes and individual turnover contribution percentages.,✓,✓,—,✓,3,BRSR-14 | BRSR-15,CDP-1.5 | CDP-1.6,,GRI-2-6a | GRI-2-6b | GRI-2-6i | GRI-2-6c | GRI-2-6d
IMP-M01-I03,General & Organizational Profile,Operational Footprint,"Report the number and locations of your plants, offices, and operations (national and international), and the markets served.",Data Table,Number of locations; Number of countries/states,As at end of reporting period,"Report the count of plants, offices, and operations by location type (national/international). Include markets served and the contribution of exports as a percentage of total turnover.",✓,✓,—,—,2,BRSR-16 | BRSR-17,CDP-1.3 | CDP-1.7 | CDP-1.13,,
IMP-M01-I04,General & Organizational Profile,Reporting Scope & Boundary,"State the financial year for which you are reporting, your reporting boundary (standalone or consolidated), and the stock exchanges on which your shares are listed.",Narrative,Text,Current reporting year,"State the financial year being reported, whether reporting is on a standalone or consolidated basis, the rationale for the chosen boundary, and the stock exchanges where shares are listed.",✓,✓,—,✓,3,BRSR-9 | BRSR-13,CDP-1.1 | CDP-1.2 | CDP-1.4 | CDP-13.3 | CDP-13.4,,GRI-2-2a | GRI-2-2b | GRI-2-2c | GRI-2-2i | GRI-2-3a | GRI-2-3b | GRI-2-3c | GRI-2-3d
IMP-M01-I05,General & Organizational Profile,Subsidiaries & Joint Ventures,"List all holding, subsidiary, associate companies, and joint ventures, including ownership percentage and participation in sustainability initiatives.",Data Table,% shares held,As at end of reporting period,"List all holding, subsidiary, associate companies, and joint ventures. For each, indicate the relationship type, percentage of shares held, and whether they participate in the company's sustainability initiatives.",✓,✓,—,—,2,BRSR-21,CDP-1.8 | CDP-1.8.1,,
IMP-M01-I06,General & Organizational Profile,Stakeholder Identification & Engagement,"Identify your key stakeholder groups, describe how you engage with them (channels, frequency, topics discussed), and explain how their input influences your business decisions.",Data Table + Narrative,Frequency; Number of engagements,Current FY,"Identify all key stakeholder groups (including vulnerable/marginalized groups). For each, describe communication channels used, frequency of engagement, and key topics or concerns raised and how they were addressed.",✓,✓,—,✓,3,BRSR-1 | BRSR-2 | BRSR-1 | BRSR-2 | BRSR-3,CDP-1.21 | CDP-1.22,,GRI-2-28a | GRI-2-29a | GRI-2-29i | GRI-2-30a | GRI-2-30b
IMP-M01-I07,General & Organizational Profile,Value Chain Mapping,"Has your organization mapped its value chain, including upstream supply chain commodities and downstream product flows? If so, describe the scope and methodology.",Yes / No + Description,Text,As at reporting date,"State whether a formal value chain mapping exercise has been conducted. If yes, describe the scope (upstream/downstream), commodities mapped, and methodology used.",—,✓,—,—,1,,CDP-1.24,,
  M02  ·  SUSTAINABILITY MANAGEMENT & REPORTING,,,,,,,,,,,,,,,,
IMP-M02-I01,Sustainability Management & Reporting,Sustainability Policies & Commitments,"Does your organization have sustainability policies in place? If yes, describe the policies, whether they are board-approved, and provide web links where available.",Multiple + Description,Text; Web URL,As at reporting date,"For each sustainability principle or ESG pillar, confirm whether a policy exists, whether it has board approval, and provide the web link. State whether policies extend to value chain partners.",✓,✓,✓,✓,4,BRSR-1 | BRSR-2 | BRSR-12,CDP-4.7 | CDP-4.7.1 | CDP-4.7.2 | CDP-4.8 | CDP-4.8.1,EV-ENV200,GRI-2-18a | GRI-2-18b | GRI-2-18c | GRI-2-22a | GRI-2-23a | GRI-2-23i | GRI-2-23b | GRI-2-23c | GRI-2-23d | GRI-2-23e | GRI-2-23f | GRI-2-24a | GRI-2-24i
IMP-M02-I02,Sustainability Management & Reporting,"Goals, Targets & Performance Tracking","What specific sustainability commitments, goals, and targets has your organization set, with defined timelines? Report on performance against these targets and reasons for any shortfalls.",Data Table + Narrative,Target value; % achievement,Current FY vs. target year,"List specific sustainability goals and targets with defined timelines. For each, report current performance against the target and reasons for any shortfall.",✓,✓,—,✓,3,BRSR-5 | BRSR-6 | BRSR-10,CDP-5.1 | CDP-5.1.1 | CDP-5.1.2 | CDP-5.2 | CDP-5.15 | CDP-5.15.1,,GRI-2-19a | GRI-2-19i | GRI-2-19v | GRI-2-19b | GRI-2-20a | GRI-2-20i | GRI-2-20b | GRI-2-21a | GRI-2-21b | GRI-2-21c
IMP-M02-I03,Sustainability Management & Reporting,Certifications & Standards Adopted,"List all external certifications, standards, and labels adopted by your organization (e.g., ISO 14001, ISO 50001, SA 8000, OHSAS) and the principles they are mapped to.",Data Table,Certification name; Issuing body,As at reporting date,"List all active external certifications (e.g., ISO 14001, ISO 50001, SA 8000, OHSAS). For each, specify the issuing body, scope of certification, and the sustainability principle it relates to.",✓,—,✓,—,2,BRSR-4,,EV-GEN701,
IMP-M02-I04,Sustainability Management & Reporting,Sustainability Endorsements & Initiatives,"Does your organization formally and publicly endorse any external sustainability initiatives or sets of principles (e.g., UN Global Compact)? If yes, provide details.",Multiple + Description,Text; Web URL,As at reporting date,"List all formal public endorsements of external sustainability initiatives or principles (e.g., UN Global Compact, Science Based Targets, RE100). For each, provide the endorsement date and a reference link or documentation.",—,—,✓,—,1,,,EV-GEN308,
IMP-M02-I05,Sustainability Management & Reporting,Third-Party Assurance & External Audits,"Has your organization undergone third-party assurance or an independent external audit of its sustainability data, policies, or practices? If yes, provide the scope, findings, and auditor details.",Yes / No + Description,Text; Assurance level,Current FY,"State whether an independent external assurance or audit of sustainability data has been conducted. If yes, provide the name of the assurance provider, scope of assurance, assurance standard applied (e.g., ISAE 3000), and level (limited/reasonable).",✓,✓,✓,—,3,BRSR-11,CDP-7.9 | CDP-7.9.1 | CDP-7.9.2 | CDP-7.9.3,EV-GEN5004,
IMP-M02-I06,Sustainability Management & Reporting,Materiality Assessment,"Describe the process used to identify material ESG topics. List material issues identified, indicate whether each is a risk or opportunity, and explain the financial implications.",Data Table + Narrative,Risk / Opportunity flag; Financial implication,Current FY,"Describe the process for materiality assessment. List material ESG issues identified, classify each as risk or opportunity, provide rationale, and indicate positive or negative financial implications.",✓,—,—,✓,2,BRSR-24,,,GRI-3-1a | GRI-3-1i | GRI-3-1b | GRI-3-2a | GRI-3-2b | GRI-3-3a | GRI-3-3b | GRI-3-3c | GRI-3-3d | GRI-3-3i | GRI-3-3e | GRI-3-3f
IMP-M02-I07,Sustainability Management & Reporting,KPI Reporting Standards & Frameworks,"Which sustainability reporting frameworks or standards does your organization use to report ESG metrics (e.g., GRI, BRSR, CDP, TCFD, SASB)? Describe your consolidation approach and reporting boundary.",Multiple + Description,Text,Current reporting year,"Identify all sustainability reporting frameworks or standards used (e.g., GRI, BRSR, CDP, TCFD, SASB, ISSB). Describe your consolidation approach (equity share, financial control, operational control) and reporting boundary.",—,✓,✓,✓,3,,CDP-1.9 | CDP-1.10 | CDP-6.1 | CDP-7.1 | CDP-7.1.1 | CDP-7.1.2 | CDP-7.1.3 | CDP-13.1 | CDP-13.1.1 | CDP-13.2,EV-GEN600 | EV-ENV5001 | EV-ENV6001 | EV-ENV610 | EV-LAB4501 | EV-LAB601,GRI-101-8a | GRI-101-8b | GRI-102-9a | GRI-102-9b | GRI-102-9c | GRI-102-9d | GRI-102-9i | GRI-102-9e | GRI-102-10a | GRI-102-10b | GRI-102-10i | GRI-102-10c | GRI-102-10v | GRI-102-10d | GRI-102-10e | GRI-2-4a | GRI-2-4i | GRI-2-5a | GRI-2-5b | GRI-2-5i
IMP-M02-I08,Sustainability Management & Reporting,SDG Alignment,"Does your organization communicate progress towards the UN Sustainable Development Goals (SDGs)? If yes, which SDGs are most relevant to your operations and what progress has been made?",Multiple + Description,Text; SDG number,Current FY,"Identify which UN Sustainable Development Goals (SDGs) are most relevant to your operations and value chain. For each relevant SDG, describe specific actions taken and measurable progress achieved in the reporting year.",—,—,✓,—,1,,,EV-GEN4001,
  M03  ·  GOVERNANCE & ETHICS,,,,,,,,,,,,,,,,
IMP-M03-I01,Governance & Ethics,Board Oversight of ESG,"Describe the board-level structure for oversight of ESG and sustainability issues, including which committees or directors are responsible and the frequency of review.",Narrative,Text; Frequency,As at reporting date,"Describe the board committee or director(s) responsible for ESG oversight. Include frequency of review, topics discussed, and how ESG performance is reported to the board. State whether board members have relevant competency.",✓,✓,—,✓,3,BRSR-7 | BRSR-9,CDP-4.1 | CDP-4.1.1 | CDP-4.1.2 | CDP-4.2 | CDP-4.11 | CDP-4.11.1 | CDP-4.11.2 | CDP-4.12 | CDP-4.12.1,,GRI-2-9a | GRI-2-9b | GRI-2-9c | GRI-2-9i | GRI-2-10a | GRI-2-10b | GRI-2-10i | GRI-2-11a | GRI-2-11b | GRI-2-12a | GRI-2-12b | GRI-2-12i | GRI-2-12c | GRI-2-14a | GRI-2-14b | GRI-2-17a
IMP-M03-I02,Governance & Ethics,Management Responsibility for ESG,Identify executive-level positions responsible for ESG management and decision-making. How is sustainability integrated into senior management responsibilities?,Narrative,Text,As at reporting date,"Identify executive-level roles accountable for ESG management. Describe how sustainability objectives are integrated into senior management KPIs, incentive structures, and decision-making processes.",✓,✓,—,✓,3,BRSR-8,CDP-4.3 | CDP-4.3.1 | CDP-4.4 | CDP-4.5 | CDP-4.5.1 | CDP-4.6 | CDP-4.6.1 | CDP-4.9,,GRI-2-13a | GRI-2-13i | GRI-2-13b
IMP-M03-I03,Governance & Ethics,Anti-Corruption & Anti-Bribery,"Does your organization have an anti-corruption and anti-bribery policy? Report the percentage of governance body members, employees, and business partners trained on anti-corruption. Report any incidents, disciplinary actions, or confirmed corruption cases.",Mixed,Number; % coverage,Current FY + Previous FY,"Confirm whether an anti-corruption/anti-bribery policy exists. Report the percentage of governance body members, employees, and business partners trained. Report the number of confirmed corruption incidents, disciplinary actions taken, and legal proceedings initiated.",✓,—,✓,✓,3,BRSR-4 | BRSR-5,,EV-FB100 | EV-FB3102,GRI-205-1a | GRI-205-1b | GRI-205-2a | GRI-205-2b | GRI-205-2c | GRI-205-2d | GRI-205-2e | GRI-205-3a | GRI-205-3b | GRI-205-3c | GRI-205-3d | GRI-410-1a | GRI-410-1b
IMP-M03-I04,Governance & Ethics,Conflicts of Interest,Describe mechanisms in place to identify and manage conflicts of interest for board members and Key Management Personnel (KMPs). Report the number of conflict-of-interest complaints received.,Mixed,Number of complaints,Current FY + Previous FY,Describe mechanisms to identify and manage conflicts of interest for board members and KMPs. Report the number of conflict-of-interest complaints received and resolved during the reporting period.,✓,—,—,✓,2,BRSR-6,,,GRI-2-15a | GRI-2-15b | GRI-2-15i
IMP-M03-I05,Governance & Ethics,Anti-Competitive Behaviour,"Report any legal actions or adverse orders related to anti-competitive behavior, monopolistic practices, or market abuse. Describe corrective actions taken.",Narrative,Text; Number of cases,Current FY,"Report any legal actions, investigations, or adverse regulatory orders related to anti-competitive conduct or abuse of market dominance. Describe corrective actions taken or underway.",✓,—,—,✓,2,BRSR-2,,,GRI-206-1a | GRI-206-1b
IMP-M03-I06,Governance & Ethics,Tax Governance & Transparency,"Describe your organization's approach to tax governance, tax strategy, country-by-country reporting, and mechanisms for raising concerns about tax-related matters.",Narrative,Text,As at reporting date,"Describe the organization's tax strategy, governance framework, and risk management approach. Include country-by-country reporting obligations, mechanisms for raising tax-related concerns, and the assurance process for tax disclosures.",—,—,—,✓,1,,,,GRI-207-1a | GRI-207-1i | GRI-207-2a | GRI-207-2i | GRI-207-2b | GRI-207-2c | GRI-207-3a | GRI-207-3i | GRI-207-4a | GRI-207-4b | GRI-207-4i | GRI-207-4v | GRI-207-4x | GRI-207-4c
IMP-M03-I07,Governance & Ethics,Public Policy Advocacy,"List trade and industry associations your organization is affiliated with. Describe any public policy positions advocated, lobbying activities, and the method and frequency of board review.",Data Table + Narrative,Number of affiliations,Current FY,"List the top trade and industry associations the organization is affiliated with. For each public policy position advocated, describe the method of advocacy, frequency of board review, and whether information is publicly available.",✓,—,—,✓,2,BRSR-1 | BRSR-1,,,GRI-415-1a | GRI-415-1b
IMP-M03-I08,Governance & Ethics,Grievance & Whistleblower Mechanisms,"Describe the grievance redressal and whistleblower mechanisms available to all stakeholder groups (employees, workers, communities, investors, customers, value chain partners). Report grievances filed and pending resolution.",Data Table,Number of complaints; Resolution status,Current FY + Previous FY,"Describe the grievance redressal and whistleblower mechanisms available to each stakeholder group. Report the number of grievances filed and pending resolution at year-end, by stakeholder category.",✓,—,—,✓,2,BRSR-23 | BRSR-6 | BRSR-13 | BRSR-6,,,GRI-2-16a | GRI-2-16b | GRI-2-25a | GRI-2-25b | GRI-2-25c | GRI-2-25d | GRI-2-25e | GRI-2-26a | GRI-2-26i
IMP-M03-I09,Governance & Ethics,Regulatory Penalties & Legal Actions,"Report all monetary and non-monetary fines, penalties, settlements, or legal actions by regulatory authorities, law enforcement agencies, or judicial institutions during the reporting year.",Data Table,Amount (INR / USD); Number of cases,Current FY,"Report all monetary fines, penalties, settlements, and compounding fees, and non-monetary actions (imprisonment, punishment) imposed by regulatory/judicial authorities. For each, state whether an appeal has been preferred.",✓,✓,✓,—,3,BRSR-2 | BRSR-3 | BRSR-7 | BRSR-2,CDP-4.10,EV-FB610,
  M04  ·  RISK & OPPORTUNITY MANAGEMENT,,,,,,,,,,,,,,,,
IMP-M04-I01,Risk & Opportunity Management,Risk & Opportunity Identification Process,"Describe the process used to identify, assess, and manage ESG-related risks and opportunities, including the time horizons used (short, medium, long-term).",Narrative,Text; Time horizon,Current FY,"Describe the process and tools used to identify, assess, and prioritize ESG-related risks and opportunities. Specify the short, medium, and long-term time horizons used, and how outputs inform strategic and business planning.",—,✓,—,—,1,,CDP-1.11 | CDP-1.12 | CDP-1.14 | CDP-1.20 | CDP-2.1 | CDP-2.2 | CDP-2.2.1 | CDP-2.2.2 | CDP-2.2.3 | CDP-2.2.4 | CDP-2.2.5 | CDP-2.2.6 | CDP-2.2.7 | CDP-2.2.8 | CDP-2.2.9 | CDP-3.4 | CDP-3.4.1 | CDP-3.5 | CDP-3.5.1 | CDP-3.5.2 | CDP-3.5.3 | CDP-3.5.4 | CDP-3.6 | CDP-3.6.1 | CDP-3.6.2,,
IMP-M04-I02,Risk & Opportunity Management,Climate-Related Financial Risks & Opportunities,"Identify climate-related financial risks and opportunities (physical, transition, and systemic) with potential to materially affect your organization. Report the financial implications and actions taken to manage them.",Data Table + Narrative,Financial impact (currency); Probability,Current FY,"For each material climate-related risk or opportunity, describe its type (physical/transition/systemic), likely financial impact, the time horizon, and management approach. Include current and anticipated financial implications.",—,✓,—,✓,2,,CDP-1.17 | CDP-3.1 | CDP-3.1.1 | CDP-3.1.2,,GRI-102-7a | GRI-102-7i | GRI-102-7v | GRI-102-7b | GRI-102-7c | GRI-102-7d | GRI-102-7e | GRI-102-7f | GRI-201-2a | GRI-201-2i | GRI-201-2v
IMP-M04-I03,Risk & Opportunity Management,Nature & Biodiversity-Related Risks,Identify risks and opportunities related to biodiversity loss and ecosystem degradation that could materially affect your organization. Describe your approach to managing these.,Narrative,Text,Current FY,"Identify risks and opportunities arising from biodiversity loss, ecosystem degradation, or nature-related dependencies that could materially affect operations or value chain. Describe the management response.",—,✓,—,—,1,,CDP-1.18 | CDP-2.3 | CDP-2.5 | CDP-2.5.1 | CDP-2.6 | CDP-2.6.1 | CDP-2.6.2 | CDP-2.6.3 | CDP-3.2,,
IMP-M04-I04,Risk & Opportunity Management,Water-Related Risks,"Identify water-related risks (scarcity, quality, regulatory, reputational) affecting your operations or value chain. Report the financial implications and risk management approach.",Narrative,Text; Financial impact,Current FY,"Identify specific water-related risks (scarcity, quality degradation, flooding, regulatory) affecting operations or supply chain. For each risk, describe the financial implications and risk management approach.",—,✓,—,—,1,,CDP-1.19 | CDP-2.4 | CDP-3.3 | CDP-3.3.1 | CDP-3.3.2,,
IMP-M04-I05,Risk & Opportunity Management,Scenario Analysis,"Has your organization used scenario analysis to assess climate or environmental risks? If yes, describe the scenarios used, assumptions, time horizons, and key findings.",Narrative,Text; Scenario name,As at reporting date,"Describe the climate or environmental scenarios used, including warming pathway (e.g., 1.5°C, 2°C, 4°C) or other scenario frameworks. Explain the time horizon, key assumptions, and strategic implications identified.",—,✓,—,—,1,,CDP-1.15 | CDP-1.16 | CDP-1.16.1 | CDP-5.9 | CDP-5.10 | CDP-5.10.1 | CDP-5.10.2,,
IMP-M04-I06,Risk & Opportunity Management,Business Continuity & Disaster Management,"Does your organization have a business continuity and disaster management plan? Describe its scope, coverage, and key elements.",Yes / No + Description,Text,As at reporting date,"Confirm whether a business continuity and disaster management plan exists. Describe its scope, the hazards or disruptions it covers, testing frequency, and key mitigation measures.",—,—,—,—,0,,,,
  M05  ·  GHG EMISSIONS & CLIMATE CHANGE,,,,,,,,,,,,,,,,
IMP-M05-I01,GHG Emissions & Climate Change,Scope 1 (Direct) GHG Emissions,"Report your organization's gross direct (Scope 1) GHG emissions in metric tons CO2 equivalent. Include a breakdown by gas type (CO2, CH4, N2O, HFCs, PFCs, SF6, NF3), the consolidation approach, emission factors, and methodology used.",Data Table,Metric tons CO2 equivalent (tCO2e),Current FY + Previous FY,"Report gross direct Scope 1 GHG emissions in tCO2e. Break down by gas type (CO2, CH4, N2O, HFCs, PFCs, SF6, NF3). State the consolidation approach, GWP rates used, emission factors, and methodology standard applied.",✓,✓,✓,✓,4,BRSR-6 | BRSR-6,CDP-7.4 | CDP-7.4.1 | CDP-7.5 | CDP-7.6 | CDP-7.38 | CDP-7.38.1 | CDP-7.38.2 | CDP-7.38.3 | CDP-7.38.4 | CDP-7.52 | CDP-7.53 | CDP-7.53.1 | CDP-7.53.2 | CDP-7.53.3 | CDP-7.53.4 | CDP-7.54 | CDP-7.54.1 | CDP-7.54.2 | CDP-7.54.3 | CDP-7.54.4 | CDP-7.54.5 | CDP-7.55 | CDP-7.55.1 | CDP-7.55.2 | CDP-7.55.3 | CDP-7.55.4 | CDP-7.56 | CDP-7.57 | CDP-7.58 | CDP-7.59 | CDP-7.60 | CDP-7.60.1 | CDP-7.60.2 | CDP-7.61 | CDP-7.61.1 | CDP-7.61.2 | CDP-7.62 | CDP-7.63 | CDP-7.64 | CDP-7.65 | CDP-7.66 | CDP-7.66.1 | CDP-7.66.2 | CDP-7.66.3 | CDP-7.67 | CDP-7.67.1 | CDP-7.68 | CDP-7.68.1 | CDP-7.68.2 | CDP-7.68.3 | CDP-7.69 | CDP-7.69.1 | CDP-7.70 | CDP-7.70.1 | CDP-7.71 | CDP-7.71.1 | CDP-7.72 | CDP-7.72.1 | CDP-7.72.2 | CDP-7.72.3 | CDP-7.73 | CDP-7.73.1 | CDP-7.73.2 | CDP-7.73.3 | CDP-7.73.4 | CDP-7.73.5 | CDP-7.73.6 | CDP-7.74 | CDP-7.74.1 | CDP-7.75 | CDP-7.76 | CDP-7.76.1 | CDP-7.77 | CDP-7.77.1 | CDP-7.78 | CDP-7.79 | CDP-7.79.1,EV-ENV630 | EV-CAR105 | EV-CAR108 | EV-CAR104,GRI-102-1a | GRI-102-1b | GRI-102-1c | GRI-102-1d | GRI-102-1e | GRI-102-1f | GRI-102-1i | GRI-102-1g | GRI-102-1h | GRI-102-1j | GRI-305-1a | GRI-305-1b | GRI-305-1c | GRI-305-1d | GRI-305-1i | GRI-305-1e | GRI-305-1f | GRI-305-1g
IMP-M05-I02,GHG Emissions & Climate Change,Scope 2 (Indirect) GHG Emissions,"Report your organization's gross indirect (Scope 2) GHG emissions in metric tons CO2 equivalent, using both market-based and location-based methods where applicable. Include emission factors and methodology.",Data Table,Metric tons CO2 equivalent (tCO2e),Current FY + Previous FY,"Report gross indirect Scope 2 GHG emissions using both market-based and location-based methods. Specify the emission factors, contractual instruments used (for market-based), and the methodology standard.",—,✓,—,✓,2,,CDP-7.3 | CDP-7.7,,GRI-102-2a | GRI-102-2b | GRI-102-2i | GRI-102-2v | GRI-102-2c | GRI-102-2d | GRI-305-2a | GRI-305-2b | GRI-305-2c | GRI-305-2d | GRI-305-2i | GRI-305-2e | GRI-305-2f | GRI-305-2g
IMP-M05-I03,GHG Emissions & Climate Change,Scope 3 (Value Chain) GHG Emissions,Report your organization's Scope 3 (value chain) GHG emissions in metric tons CO2 equivalent across all relevant categories. Explain any exclusions and the methodology applied.,Data Table,Metric tons CO2 equivalent (tCO2e),Current FY + Previous FY,"Report Scope 3 GHG emissions by category (GHG Protocol categories 1–15). For each category, report the emissions figure, data quality, calculation methodology, and reason for any exclusions.",—,✓,✓,✓,3,,CDP-7.8 | CDP-7.8.1 | CDP-7.34 | CDP-7.34.1 | CDP-7.47 | CDP-7.48,EV-CAR106 | EV-CAR103,GRI-102-3a | GRI-102-3b | GRI-102-3c | GRI-102-3d | GRI-102-3e | GRI-102-3f | GRI-102-3g | GRI-102-3h | GRI-102-3i | GRI-102-3j | GRI-305-3a | GRI-305-3b | GRI-305-3c | GRI-305-3d | GRI-305-3e | GRI-305-3i | GRI-305-3f | GRI-305-3g
IMP-M05-I04,GHG Emissions & Climate Change,GHG Emission Intensity,"Report your organization's GHG emission intensity per unit of revenue, production output, or other relevant activity metric. Specify the metric used and the calculation methodology.",Data Table,tCO2e per unit (revenue/production/employee),Current FY + Previous FY,"Report GHG emission intensity using at least one activity-based metric (e.g., tCO2e per INR crore turnover, per unit produced, per employee). Specify which scopes are included and the denominator used.",—,✓,—,✓,2,,CDP-7.2 | CDP-7.13 | CDP-7.13.1 | CDP-7.14 | CDP-7.35 | CDP-7.36 | CDP-7.37 | CDP-7.37.1 | CDP-7.49 | CDP-7.50 | CDP-7.51,,GRI-305-4a | GRI-305-4b | GRI-305-4c | GRI-305-4d
IMP-M05-I05,GHG Emissions & Climate Change,GHG Emission Reduction Targets & Progress,"What are your organization's GHG emission reduction targets (absolute and/or intensity-based)? Report the base year, target year, scope, and progress made towards achieving these targets.",Data Table + Narrative,% reduction vs. base year; tCO2e,Current FY vs. target year,"State the base year, base year emissions, target year, and reduction target (absolute and/or intensity-based). Report progress to date, reasons for any deviations, and whether targets are science-based (SBTi aligned).",—,✓,✓,✓,3,,CDP-5.6 | CDP-5.7 | CDP-5.7.1 | CDP-5.11 | CDP-5.11.1 | CDP-5.11.2 | CDP-5.11.3 | CDP-5.11.4 | CDP-5.11.5 | CDP-5.11.6 | CDP-5.11.7 | CDP-5.11.8 | CDP-5.11.9 | CDP-5.12 | CDP-7.10 | CDP-7.10.1 | CDP-7.10.2 | CDP-7.11 | CDP-7.11.1 | CDP-7.12 | CDP-7.12.1,EV-CAR107 | EV-CAR100,GRI-102-4a | GRI-102-4i | GRI-102-4b | GRI-102-4c | GRI-102-4d | GRI-102-4e | GRI-102-4f | GRI-102-4g | GRI-102-4h | GRI-102-4j | GRI-102-4k | GRI-305-5a | GRI-305-5b | GRI-305-5c | GRI-305-5d | GRI-305-5e
IMP-M05-I06,GHG Emissions & Climate Change,Climate Transition Plan & Strategy,"Describe your organization's climate transition strategy, including planned capital allocation, technology adoption, and business model changes to align with low-carbon pathways.",Narrative,Text; INR / USD (capital allocation),As at reporting date,"Describe the organization's transition strategy including planned business model changes, capital expenditure in low-carbon technologies, and timelines for decarbonization milestones.",—,✓,✓,✓,3,,CDP-5.3 | CDP-5.3.1 | CDP-5.3.2 | CDP-5.4 | CDP-5.4.1 | CDP-5.4.2 | CDP-5.4.3 | CDP-5.5 | CDP-5.5.1 | CDP-5.5.2 | CDP-5.5.3 | CDP-5.5.4 | CDP-5.5.5 | CDP-5.5.6 | CDP-5.5.7 | CDP-5.5.8 | CDP-5.8 | CDP-5.13 | CDP-5.13.1 | CDP-5.14 | CDP-5.14.1 | CDP-7.27 | CDP-7.28 | CDP-7.29 | CDP-7.30 | CDP-7.30.1 | CDP-7.30.2 | CDP-7.30.3 | CDP-7.30.4 | CDP-7.30.5 | CDP-7.30.6 | CDP-7.30.7 | CDP-7.30.8 | CDP-7.30.9 | CDP-7.30.10 | CDP-7.30.11 | CDP-7.30.12 | CDP-7.30.13 | CDP-7.30.14 | CDP-7.30.15 | CDP-7.30.16 | CDP-7.30.17 | CDP-7.30.18 | CDP-7.30.19 | CDP-7.30.20 | CDP-7.30.21 | CDP-7.30.22 | CDP-7.31 | CDP-7.31.1 | CDP-7.31.2 | CDP-7.32 | CDP-7.33 | CDP-7.33.1,EV-CAR102 | EV-CAR101,GRI-102-5a | GRI-102-5i | GRI-102-5b | GRI-102-5c | GRI-102-5d | GRI-102-5e | GRI-102-5f
IMP-M05-I07,GHG Emissions & Climate Change,Carbon Credits & Offsets,"Does your organization use carbon credits or offsets to meet GHG targets? If yes, describe the volume, type, verification standard, and project details.",Data Table,tCO2e; INR / USD,Current FY,"Report the volume of carbon credits or offsets used, broken down by type (avoidance vs. removal), project type, vintage year, and verification standard (e.g., Gold Standard, VCS). State the total spend.",—,✓,—,✓,2,,CDP-7.21 | CDP-7.22 | CDP-7.23 | CDP-7.23.1 | CDP-7.24 | CDP-7.25 | CDP-7.25.1,,GRI-102-8a | GRI-102-8b
IMP-M05-I08,GHG Emissions & Climate Change,GHG Reduction Initiatives & Projects,Describe specific projects or initiatives implemented to reduce GHG emissions. Report the estimated or achieved emission reductions (in metric tons CO2e) and associated costs or savings.,Data Table,tCO2e reduced; INR / USD saved,Current FY,"List specific GHG reduction projects or initiatives. For each, describe the type of initiative, emission reductions achieved or estimated (tCO2e), investment made, and cost savings realized.",✓,✓,—,✓,3,BRSR-7 | BRSR-7,CDP-7.19 | CDP-7.20 | CDP-7.20.1 | CDP-7.20.2 | CDP-7.20.3 | CDP-7.26,,GRI-102-6a | GRI-102-6i | GRI-102-6b | GRI-102-6c | GRI-102-6d | GRI-102-6e | GRI-102-6f
IMP-M05-I09,GHG Emissions & Climate Change,Biogenic Emissions,Report biogenic CO2 emissions separately. Describe the sources and the methodology used for calculation.,Numeric,Metric tons CO2 (biogenic),Current FY + Previous FY,"Report biogenic CO2 emissions separately from fossil-fuel GHG emissions. Describe the sources (e.g., biomass combustion, land-use change) and the methodology used for calculation.",—,—,—,✓,1,,,,GRI-305-6a | GRI-305-6b | GRI-305-6c | GRI-305-6d
  M06  ·  ENERGY,,,,,,,,,,,,,,,,
IMP-M06-I01,Energy,Total Energy Consumption,"Report total energy consumption within your organization in joules or multiples, including a breakdown by electricity, fuel (renewable and non-renewable), heating, cooling, and steam.",Data Table,Gigajoules (GJ) or MWh,Current FY + Previous FY,"Report total energy consumed within the organization broken down by source: electricity, fuel (by type), heating, cooling, and steam. Distinguish purchased vs. self-generated energy. Indicate if independently assured.",✓,✓,—,✓,3,BRSR-1 | BRSR-1,CDP-7.15 | CDP-7.15.1 | CDP-7.15.2 | CDP-7.15.3 | CDP-7.15.4,,GRI-103-1a | GRI-103-1b | GRI-302-1a | GRI-302-1b | GRI-302-1c | GRI-302-1i | GRI-302-1d | GRI-302-1e | GRI-302-1f | GRI-302-1g | GRI-302-2a | GRI-302-2b | GRI-302-2c
IMP-M06-I02,Energy,Renewable Energy Consumption,"Report total energy consumption from renewable sources, broken down by type (solar, wind, hydro, biomass, geothermal, other).",Data Table,Gigajoules (GJ) or MWh,Current FY + Previous FY,"Report energy consumed from renewable sources broken down by type: solar, wind, hydro, biomass, geothermal, and renewable electricity purchased (with or without certificates). Indicate the basis of classification.",—,✓,—,✓,2,,CDP-7.18 | CDP-7.18.1 | CDP-7.18.2 | CDP-7.18.3,,GRI-103-2a | GRI-103-2i | GRI-103-2b | GRI-103-2c | GRI-103-2d | GRI-103-2e | GRI-103-2f
IMP-M06-I03,Energy,Non-Renewable Energy Consumption,"Report total energy consumption from non-renewable sources, broken down by fuel type (coal, natural gas, oil, diesel, other).",Data Table,Gigajoules (GJ) or MWh,Current FY + Previous FY,"Report energy consumed from non-renewable sources broken down by fuel type: coal, natural gas, diesel, furnace oil, petrol, and other. Include fuels used for owned and leased vehicles if material.",—,—,—,✓,1,,,,GRI-103-3a | GRI-103-3b
IMP-M06-I04,Energy,Energy Sold,"Report electricity, heating, cooling, and steam sold to external parties during the reporting period.",Data Table,Gigajoules (GJ) or MWh,Current FY,"Report total electricity, heating, cooling, and steam sold to external parties. This is deducted from total energy consumption calculations. Specify the type and purchaser where relevant.",—,—,—,—,0,,,,
IMP-M06-I05,Energy,Energy Intensity,"Report your organization's energy intensity per unit of revenue, production, or other relevant metric. Specify the metric used.",Data Table,GJ per INR crore / GJ per unit produced,Current FY + Previous FY,"Report energy intensity using at least one metric (energy per unit of revenue, per unit of output, or other relevant denominator). Clearly specify the denominator and which energy types are included.",—,—,—,✓,1,,,,GRI-103-4a | GRI-103-4b | GRI-103-4c | GRI-302-3a | GRI-302-3b | GRI-302-3c | GRI-302-3d
IMP-M06-I06,Energy,Energy Reduction Targets & Performance,"What are your organization's energy reduction targets? Report progress against these targets, including PAT Scheme compliance where applicable.",Mixed,GJ or MWh; % reduction,Current FY vs. target year,"State energy reduction targets (absolute and/or intensity-based). Report progress to date. If applicable, disclose PAT Scheme designation, assigned targets, and whether targets have been achieved.",✓,✓,—,✓,3,BRSR-2 | BRSR-2,CDP-7.17 | CDP-7.17.1 | CDP-7.17.2 | CDP-7.17.3,,GRI-103-5a | GRI-103-5i | GRI-103-5b | GRI-103-5c | GRI-103-5d | GRI-103-5e | GRI-103-5f
IMP-M06-I07,Energy,Energy Efficiency Initiatives,"Describe initiatives, technologies, and programs implemented to improve energy efficiency or reduce energy demand in operations and/or products.",Data Table,GJ or MWh saved; INR / USD invested,Current FY,"List specific energy efficiency projects or programs implemented. For each, describe the initiative, technology used, energy saved (GJ or MWh), and financial savings or investment associated.",—,✓,✓,✓,3,,CDP-7.16,EV-ENV310,GRI-302-5a | GRI-302-5b | GRI-302-5c
  M07  ·  WATER & EFFLUENTS,,,,,,,,,,,,,,,,
IMP-M07-I01,Water & Effluents,Water Withdrawal by Source,"Report the total volume of water withdrawn from all sources (surface water, groundwater, third-party water, seawater/desalinated water, and other) in kilolitres or megalitres.",Data Table,Kilolitres (KL) or Megalitres (ML),Current FY + Previous FY,"Report water withdrawn from each source: surface water, groundwater, third-party water (municipal/utility), seawater/desalinated water, and other. Report total withdrawal. Indicate if independently assured.",✓,✓,✓,✓,4,BRSR-3 | BRSR-3,CDP-9.1 | CDP-9.1.1 | CDP-9.2 | CDP-9.2.1 | CDP-9.2.2 | CDP-9.2.3 | CDP-9.2.4 | CDP-9.2.5 | CDP-9.2.6 | CDP-9.2.7 | CDP-9.2.8 | CDP-9.2.9 | CDP-9.2.10 | CDP-9.3 | CDP-9.3.1 | CDP-9.3.2 | CDP-9.15 | CDP-9.15.1 | CDP-9.15.2 | CDP-9.15.3 | CDP-9.12 | CDP-9.13 | CDP-9.13.1 | CDP-9.14,EV-ENV6332,GRI-303-3a | GRI-303-3i | GRI-303-3v | GRI-303-3b | GRI-303-3c | GRI-303-3d
IMP-M07-I02,Water & Effluents,Total Water Consumption,Report the total volume of water consumed by your organization during the reporting period.,Numeric,Kilolitres (KL) or Megalitres (ML),Current FY + Previous FY,Report total water consumed (withdrawn minus discharged). Provide a breakdown by facility or region if material. Indicate if any water is consumed outside organizational boundaries.,—,✓,—,✓,2,,CDP-9.4 | CDP-9.4.1,,GRI-303-5a | GRI-303-5b | GRI-303-5c | GRI-303-5d
IMP-M07-I03,Water & Effluents,Water Recycling & Reuse,Report the volume and percentage of water recycled or reused within your organization's operations.,Data Table,Kilolitres (KL); % of total withdrawal,Current FY + Previous FY,Report total volume of water recycled or reused within the organization. Express as both an absolute volume and as a percentage of total water withdrawal. Describe the recycling systems in place.,—,—,—,—,0,,,,
IMP-M07-I04,Water & Effluents,Water Discharge by Destination,"Report water discharged by destination (surface water, groundwater, seawater, third-parties) and the level of treatment applied (no treatment, with treatment — specify level).",Data Table,Kilolitres (KL); Treatment level,Current FY + Previous FY,"Report water discharged by destination (surface water, groundwater, sea, third-party) and by level of treatment applied (none, primary, secondary, tertiary). Report total discharge volume. Indicate if independently assured.",—,—,—,✓,1,,,,GRI-303-4a | GRI-303-4i | GRI-303-4b | GRI-303-4c | GRI-303-4d | GRI-303-4e
IMP-M07-I05,Water & Effluents,Water Intensity,"Report your organization's water intensity per unit of revenue, production, or other relevant activity metric. Specify the metric used.",Data Table,KL per INR crore / KL per unit produced,Current FY + Previous FY,"Report water intensity using at least one activity metric. Specify the denominator (revenue, production, area) and the scope of water included (withdrawal or consumption).",—,✓,—,—,1,,CDP-9.5 | CDP-9.6 | CDP-9.6.1 | CDP-9.7 | CDP-9.7.1 | CDP-9.8 | CDP-9.9 | CDP-9.10.1,,
IMP-M07-I06,Water & Effluents,Water Withdrawal & Discharge in Stressed Areas,"For operations in water-stressed areas, report water withdrawal, consumption, and discharge data separately by facility or plant location.",Data Table,Kilolitres (KL),Current FY + Previous FY,"For each facility located in a water-stressed area (per WRI Aqueduct or equivalent), report water withdrawal by source, total consumption, and discharge by destination and treatment level. Name the area and nature of operations.",—,—,—,—,0,,,,
IMP-M07-I07,Water & Effluents,Effluent Quality Management,"Describe minimum standards set for the quality of effluent discharged, including how standards are applied in locations with no local discharge requirements.",Narrative,Text; mg/L or applicable unit,As at reporting date,"Describe minimum quality standards set for effluent discharge. Include parameters monitored (BOD, COD, TSS, heavy metals, etc.), applicable regulatory limits, and how standards are applied in locations without local requirements.",—,—,—,✓,1,,,,GRI-303-2a | GRI-303-2i
IMP-M07-I08,Water & Effluents,Zero Liquid Discharge,"Has your organization implemented a Zero Liquid Discharge (ZLD) mechanism? If yes, describe its scope and coverage.",Yes / No + Description,% coverage,As at reporting date,"State whether Zero Liquid Discharge (ZLD) has been implemented. If yes, describe the plants or facilities covered, the technology used, volume of water recycled through ZLD, and compliance with relevant regulatory requirements.",✓,—,—,—,1,BRSR-4 | BRSR-4,,,
IMP-M07-I09,Water & Effluents,Water-Related Targets & Commitments,"What are your organization's water-related targets (reduction, recycling, efficiency)? Report progress against these targets and timelines.",Data Table + Narrative,KL or %; Target year,Current FY vs. target year,"State specific water-related targets (reduction in withdrawal, increase in recycling, efficiency improvement). For each target, report the base year, target year, baseline value, and current performance.",—,✓,✓,—,2,,CDP-9.11,EV-ENV3229,
IMP-M07-I10,Water & Effluents,Interactions with Water as a Shared Resource,"Describe how your organization interacts with water as a shared resource, including water-related impacts, how they are identified, and how they are addressed.",Narrative,Text,As at reporting date,"Describe how the organization interacts with and depends on shared water resources. Explain the approach to identifying water-related impacts, stakeholder engagement on water, and mitigation or adaptation measures applied.",—,—,—,✓,1,,,,GRI-303-1a | GRI-303-1b | GRI-303-1c | GRI-303-1d
  M08  ·  WASTE & MATERIALS,,,,,,,,,,,,,,,,
IMP-M08-I01,Waste & Materials,Total Waste Generated,"Report total waste generated by your organization, broken down by type: plastic waste, e-waste, bio-medical waste, construction and demolition waste, battery waste, radioactive waste, hazardous waste, and non-hazardous waste (in metric tonnes).",Data Table,Metric tonnes (MT),Current FY + Previous FY,"Report total waste generated broken down by type: plastic waste, e-waste, bio-medical waste, construction and demolition waste, battery waste, radioactive waste, hazardous waste (specify types), and non-hazardous waste. Indicate if independently assured.",✓,—,✓,✓,3,BRSR-8 | BRSR-8,,EV-ENV3549,GRI-306-1a | GRI-306-1i | GRI-306-1b | GRI-306-3a | GRI-306-3b | GRI-306-3i | GRI-306-3c | GRI-306-1a | GRI-306-1i | GRI-306-3a | GRI-306-3b
IMP-M08-I02,Waste & Materials,Waste Recycled & Recovered,"Report total waste diverted from disposal through recycling, reuse, composting, and other recovery operations, by waste category (in metric tonnes).",Data Table,Metric tonnes (MT),Current FY + Previous FY,"For each waste category, report the volume diverted from disposal through recycling, reuse, composting, anaerobic digestion, or other recovery operations. Report as both absolute volume and percentage of total waste generated.",—,—,—,✓,1,,,,GRI-306-4a | GRI-306-4i | GRI-306-4b | GRI-306-4c | GRI-306-4a | GRI-306-4b | GRI-306-4i | GRI-306-4c | GRI-306-4d | GRI-306-4e
IMP-M08-I03,Waste & Materials,Waste Disposed,"Report total waste disposed by disposal method: incineration, landfilling, and other disposal operations, by waste category (in metric tonnes).",Data Table,Metric tonnes (MT),Current FY + Previous FY,"For each waste category, report the volume disposed of by disposal method: incineration (with and without energy recovery), landfilling, deep-well injection, and other disposal methods.",—,—,—,✓,1,,,,GRI-306-5a | GRI-306-5i | GRI-306-5a | GRI-306-5b | GRI-306-5i | GRI-306-5c | GRI-306-5d | GRI-306-5e
IMP-M08-I04,Waste & Materials,Hazardous Waste Management,"Describe your strategy and practices for managing hazardous and toxic waste, including reduction targets, handling procedures, and regulatory compliance.",Narrative,Metric tonnes (MT); INR / USD,Current FY,"Describe the strategy and processes for managing hazardous and toxic waste. Include the types of hazardous waste generated, reduction targets, handling and storage procedures, approved disposal contractors, and regulatory compliance status.",✓,—,✓,✓,3,BRSR-9 | BRSR-9,,EV-ENV3525,GRI-306-2a | GRI-306-2v | GRI-306-2b | GRI-306-2c | GRI-306-2i | GRI-306-2a | GRI-306-2b | GRI-306-2c
IMP-M08-I05,Waste & Materials,Materials Used in Production,"Report the total weight or volume of materials used in production or service delivery, broken down by renewable and non-renewable materials.",Data Table,Metric tonnes (MT) or cubic metres,Current FY + Previous FY,"Report total materials used in production or service delivery, broken down by material type and classified as renewable or non-renewable. Where possible, specify materials by weight or volume.",—,—,—,✓,1,,,,GRI-301-1a | GRI-301-1i
IMP-M08-I06,Waste & Materials,Recycled Input Materials,What percentage of your input materials are recycled or reused? Report by material type for the current and previous financial year.,Data Table,% of total input materials (by value or weight),Current FY + Previous FY,"Report the percentage of input materials sourced as recycled or reclaimed content, by material type. Describe how recycled content is verified and measured.",—,—,—,✓,1,,,,GRI-301-2a
IMP-M08-I07,Waste & Materials,Product End-of-Life Management,"Describe the processes in place to reclaim and manage products at end of life, including plastics/packaging, e-waste, and hazardous waste.",Narrative,Metric tonnes (MT) reclaimed,Current FY + Previous FY,"Describe end-of-life reclaim and management processes for: (a) plastics and packaging, (b) e-waste, (c) hazardous waste, and (d) other categories. Report volumes reclaimed, reused, recycled, and safely disposed.",✓,—,—,✓,2,BRSR-3 | BRSR-3,,,GRI-301-3a | GRI-301-3b
IMP-M08-I08,Waste & Materials,Extended Producer Responsibility (EPR),"Is Extended Producer Responsibility (EPR) applicable to your organization? If yes, is your waste collection plan aligned with the EPR plan submitted to the relevant Pollution Control Board?",Yes / No + Description,Text,Current FY,"State whether EPR obligations apply to your organization. If yes, describe the product categories covered, the waste collection targets set, actual collection achieved, and whether the EPR plan filed with the Pollution Control Board is being met.",✓,—,—,—,1,BRSR-4 | BRSR-4,,,
IMP-M08-I09,Waste & Materials,Packaging Management,Report reclaimed products and their packaging materials as a percentage of total products sold per product category.,Data Table,% of products sold,Current FY + Previous FY,"For each major product category, report reclaimed products and their packaging materials as a percentage of total products sold. Describe the take-back or collection mechanisms in place.",—,—,—,—,0,,,,
  M09  ·  AIR QUALITY,,,,,,,,,,,,,,,,
IMP-M09-I01,Air Quality,NOx Emissions,"Report total NOx emissions by source, in appropriate units, along with the methodology used.",Data Table,Metric tonnes (MT) or kg,Current FY + Previous FY,"Report total NOx emissions by source (stationary combustion, process, fugitive). Specify the unit of measurement and the measurement or calculation methodology applied.",✓,—,—,✓,2,BRSR-5 | BRSR-5,,,GRI-305-7a | GRI-305-7v | GRI-305-7b | GRI-305-7c
IMP-M09-I02,Air Quality,SOx Emissions,"Report total SOx emissions by source, in appropriate units, along with the methodology used.",Data Table,Metric tonnes (MT) or kg,Current FY + Previous FY,Report total SOx emissions by source. Specify the unit and the measurement or estimation methodology applied. Note any SO2 abatement systems in operation.,—,—,—,—,0,,,,
IMP-M09-I03,Air Quality,Particulate Matter (PM) Emissions,"Report total particulate matter (PM) emissions by source, in appropriate units, along with the methodology used.",Data Table,Metric tonnes (MT) or kg,Current FY + Previous FY,"Report total PM2.5 and PM10 emissions separately where possible. Specify sources, measurement methodology, and monitoring frequency.",—,—,—,—,0,,,,
IMP-M09-I04,Air Quality,Volatile Organic Compounds (VOC),"Report total volatile organic compound (VOC) emissions by source, in appropriate units, along with the methodology used.",Data Table,Metric tonnes (MT) or kg,Current FY + Previous FY,"Report total VOC emissions by source process. Specify the unit of measurement, key VOC compounds emitted where known, and the methodology used.",—,—,—,—,0,,,,
IMP-M09-I05,Air Quality,Persistent Organic Pollutants (POP),"Report total persistent organic pollutant (POP) emissions by source, in appropriate units, along with the methodology used.",Data Table,Metric tonnes (MT) or kg,Current FY + Previous FY,"Report total POP emissions or releases (air, water, land) by type (e.g., dioxins, furans, PCBs). Specify the unit of measurement and the identification and measurement methodology.",—,—,—,—,0,,,,
IMP-M09-I06,Air Quality,Hazardous Air Pollutants (HAP),"Report total hazardous air pollutant (HAP) emissions by source, in appropriate units, along with the methodology used.",Data Table,Metric tonnes (MT) or kg,Current FY + Previous FY,"Report total HAP emissions by compound or compound group. Specify the unit of measurement, regulatory thresholds applicable, and the monitoring or estimation methodology used.",—,—,—,—,0,,,,
IMP-M09-I07,Air Quality,Air Quality Compliance & Monitoring,"Is your organization compliant with applicable air quality regulations? Report any non-compliances, regulatory actions, monitoring mechanisms, and corrective actions taken.",Mixed,Number of non-compliances; INR / USD penalties,Current FY,"State whether the organization is compliant with applicable air quality regulations (e.g., Air (Prevention and Control of Pollution) Act or equivalent). Report any non-compliances, monitoring mechanisms deployed, and corrective actions taken.",—,✓,✓,—,2,,CDP-7.41 | CDP-7.41.1 | CDP-7.42 | CDP-7.42.1 | CDP-7.43 | CDP-7.43.1 | CDP-7.43.2 | CDP-7.43.3 | CDP-7.43.4 | CDP-7.44 | CDP-7.45 | CDP-7.46,EV-ENV4121,
  M10  ·  BIODIVERSITY & LAND USE,,,,,,,,,,,,,,,,
IMP-M10-I01,Biodiversity & Land Use,Policies & Commitments on Biodiversity,"Describe your organization's policies and commitments to halt and reverse biodiversity loss, including goals, targets, and how they align with global frameworks (e.g., Kunming-Montreal GBF).",Narrative,Text; Target year,As at reporting date,"Describe all policies, commitments, and strategies in place to halt and reverse biodiversity loss. State alignment with global frameworks (e.g., Kunming-Montreal Global Biodiversity Framework, Taskforce on Nature-related Financial Disclosures).",—,✓,—,✓,2,,CDP-11.1 | CDP-11.1.1 | CDP-11.9 | CDP-11.9.1 | CDP-11.10 | CDP-11.11 | CDP-11.11.1 | CDP-11.12 | CDP-11.12.1 | CDP-11.13 | CDP-11.13.1 | CDP-11.14 | CDP-11.14.1 | CDP-11.15 | CDP-11.15.1 | CDP-11.16 | CDP-11.16.1 | CDP-11.17 | CDP-11.17.1 | CDP-11.18 | CDP-11.18.1 | CDP-11.19 | CDP-11.19.1 | CDP-11.20 | CDP-11.20.1,,GRI-101-1a | GRI-101-1b | GRI-101-1c
IMP-M10-I02,Biodiversity & Land Use,Operations in or near Sensitive Areas,"Does your organization have operations or sites located in or near biodiversity-sensitive areas (national parks, wildlife sanctuaries, wetlands, biosphere reserves, coastal regulation zones)? If yes, provide details.",Data Table,Number of sites; Hectares,As at reporting date,"List operations or sites located in or adjacent to nationally or internationally protected areas or biodiversity-sensitive ecosystems. For each, describe the type of operations and compliance with environmental approvals or clearances.",✓,✓,✓,✓,4,BRSR-10,CDP-11.2,EV-ENV6313,GRI-101-4a | GRI-304-1a | GRI-304-1i | GRI-304-1v
IMP-M10-I03,Biodiversity & Land Use,Biodiversity Impacts Assessment,"Has your organization conducted biodiversity impact assessments for its operations? Describe the assessment methodology, findings, and whether conducted by an independent agency.",Narrative,Text; % of operations assessed,Current FY,"Describe biodiversity impact assessments conducted. Include methodology, scope, key findings (positive and negative impacts), whether assessments were by independent agencies, and whether results are publicly available.",—,✓,—,✓,2,,CDP-11.3,,GRI-101-2a | GRI-101-2i | GRI-101-2v | GRI-101-2b | GRI-101-2c | GRI-101-2d | GRI-101-2e | GRI-101-2f | GRI-304-2a | GRI-304-2i | GRI-304-2v | GRI-304-2b
IMP-M10-I04,Biodiversity & Land Use,Biodiversity Mitigation & Restoration,"Describe the mitigation and restoration actions taken to address negative biodiversity impacts, applying the mitigation hierarchy (avoid, minimize, restore, offset).",Narrative,Text; Hectares restored,Current FY,"Describe actions taken to mitigate negative biodiversity impacts, applying the mitigation hierarchy: avoidance, minimization, restoration, and offsets/compensation. Report areas restored or under restoration.",—,✓,—,✓,2,,CDP-11.4 | CDP-11.4.1 | CDP-11.7 | CDP-11.7.1,,GRI-101-3a | GRI-101-3b | GRI-101-7a | GRI-101-7i | GRI-101-7b | GRI-304-3a | GRI-304-3b | GRI-304-3c | GRI-304-3d
IMP-M10-I05,Biodiversity & Land Use,Biodiversity Dependencies & Ecosystem Services,Identify your organization's dependencies on ecosystem services. Describe how these dependencies are managed and the risks they pose to your business.,Narrative,Text,As at reporting date,"Identify ecosystem services on which operations depend (e.g., water provisioning, pollination, climate regulation). Describe how these dependencies are assessed, managed, and disclosed in risk frameworks.",—,✓,—,✓,2,,CDP-11.5 | CDP-11.5.1 | CDP-11.8,,GRI-101-5a | GRI-101-5b | GRI-101-5i | GRI-101-5v | GRI-101-5c | GRI-101-5d
IMP-M10-I06,Biodiversity & Land Use,Species & Habitat Affected,"Report on species and habitats affected by your operations, including any species on the IUCN Red List impacted by your activities.",Data Table + Narrative,Number of species; IUCN category,Current FY,Report species listed on the IUCN Red List or national equivalents that are impacted by the organization's activities. Describe habitats affected by operations and mitigation actions taken.,—,✓,—,✓,2,,CDP-11.6 | CDP-11.6.1,,GRI-101-6a | GRI-101-6i | GRI-101-6b | GRI-101-6c | GRI-101-6d | GRI-101-6e | GRI-101-6f | GRI-304-4a | GRI-304-4i | GRI-304-4v
  M11  ·  FORESTS & DEFORESTATION,,,,,,,,,,,,,,,,
IMP-M11-I01,Forests & Deforestation,Forest Commodity Sourcing,"Which forest-risk commodities (timber, palm oil, soy, cattle, cocoa, coffee, rubber) does your organization source? Describe the volumes, geographies, and sourcing channels.",Data Table,Metric tonnes (MT) or cubic metres; % by geography,Current FY,"List all forest-risk commodities sourced (timber, palm oil, soy, cattle/leather, cocoa, coffee, rubber). For each, report volume sourced, geographies of origin, and sourcing channel (directly from producers vs. through traders).",—,✓,—,—,1,,CDP-1.24.2 | CDP-8.1 | CDP-8.1.1 | CDP-8.9 | CDP-8.9.1 | CDP-8.9.2 | CDP-8.9.3 | CDP-8.9.4 | CDP-8.10 | CDP-8.10.1 | CDP-8.11 | CDP-8.11.1 | CDP-8.12 | CDP-8.12.1 | CDP-8.13 | CDP-8.13.1 | CDP-8.14 | CDP-8.15 | CDP-8.15.1 | CDP-8.15.2 | CDP-8.15.3 | CDP-8.16 | CDP-8.16.1 | CDP-8.17 | CDP-8.17.1,,
IMP-M11-I02,Forests & Deforestation,Deforestation Risk Assessment,"Describe your organization's approach to assessing deforestation and conversion risk in your supply chain, including tools, data sources, and coverage.",Narrative,Text; % supply chain assessed,Current FY,"Describe the approach, tools (e.g., Global Forest Watch, Trase, satellite monitoring), and data sources used to assess deforestation and ecosystem conversion risk in the supply chain. Report the proportion of supply chain covered.",—,✓,—,—,1,,CDP-8.2 | CDP-8.2.1 | CDP-8.3,,
IMP-M11-I03,Forests & Deforestation,Zero-Deforestation Commitments,"Has your organization made a commitment to eliminate deforestation from its supply chain? Describe the scope, timeline, and implementation strategy.",Yes / No + Description,Text; Target year,As at reporting date,"State whether a no-deforestation or no-conversion commitment has been made. Describe the scope (commodities, geographies, supply chain tiers), target year, and implementation mechanism.",—,✓,—,—,1,,CDP-8.4 | CDP-8.4.1,,
IMP-M11-I04,Forests & Deforestation,Forest Certifications & Traceability,"What forest-related certifications does your organization hold or require from suppliers (e.g., FSC, PEFC, RSPO)? Describe the level of supply chain traceability achieved.",Data Table,% of volume certified; Certification name,Current FY,"Report the volume and percentage of forest-risk commodities sourced with recognized certifications (e.g., FSC, PEFC, RSPO, RTRS). Describe the level of supply chain traceability achieved (farm, mill, trader level).",—,✓,—,—,1,,CDP-8.5,,
IMP-M11-I05,Forests & Deforestation,Forests-Related Targets & Progress,What are your organization's deforestation-free sourcing targets? Report progress against commitments and the percentage of supply chain covered.,Data Table + Narrative,% certified; % traceable; Target year,Current FY vs. target year,"Report progress against deforestation-free sourcing targets. Include baseline data, current percentage of supply chain covered, and projected trajectory toward 100% compliance.",—,✓,—,—,1,,CDP-8.6 | CDP-8.6.1 | CDP-8.7 | CDP-8.7.1 | CDP-8.7.2 | CDP-8.8 | CDP-8.8.1,,
  M12  ·  PLASTICS,,,,,,,,,,,,,,,,
IMP-M12-I01,Plastics,Plastic Use & Production,"Report the types and volumes of plastic your organization produces, uses, or commercializes in its operations and value chain.",Data Table,Metric tonnes (MT),Current FY + Previous FY,"Report total volume of plastics used or produced across operations. Break down by polymer type where possible. Describe whether plastics are in products, packaging, or production processes.",—,✓,—,—,1,,CDP-10.1 | CDP-10.5 | CDP-10.5.1 | CDP-10.6,,
IMP-M12-I02,Plastics,Plastic Packaging,"Report the volume of plastic packaging used and the proportion that is recyclable, recycled-content, or reusable. Describe packaging reduction targets.",Data Table,Metric tonnes (MT); % recyclable,Current FY + Previous FY,"Report total plastic packaging used by type. State the percentage that is recyclable, recycled-content, or reusable. Describe reduction targets and timelines for transitioning to sustainable packaging alternatives.",—,✓,—,—,1,,CDP-10.2,,
IMP-M12-I03,Plastics,Plastic Waste Generated & Managed,"Report the volume of plastic waste generated, recycled, recovered, and disposed of during the reporting period.",Data Table,Metric tonnes (MT),Current FY + Previous FY,"Report total plastic waste generated, recycled, recovered through other means, and sent to disposal (landfill or incineration). Report as absolute volumes and as percentages of total plastic waste generated.",—,✓,—,—,1,,CDP-10.3,,
IMP-M12-I04,Plastics,Plastic Reduction Initiatives,"Describe initiatives to reduce plastic use, transition to alternative materials, or advance circular economy strategies for plastics in your operations.",Narrative,Text; MT avoided or reduced,Current FY,"Describe specific initiatives to reduce plastic use, shift to alternative materials, or apply circular economy principles to plastics. For each initiative, report the outcome (volume of plastic reduced or avoided).",—,✓,—,—,1,,CDP-10.4,,
IMP-M12-I05,Plastics,Value Chain Plastics Mapping,"Has your organization mapped where plastics are produced, used, and disposed of across your value chain? Describe the mapping scope and findings.",Yes / No + Description,Text,As at reporting date,"State whether the organization has mapped where plastics are produced, commercialized, used, and disposed of across the value chain. Describe the scope of the mapping and key findings.",—,✓,—,—,1,,CDP-1.24.1,,
  M13  ·  SUPPLY CHAIN & PROCUREMENT,,,,,,,,,,,,,,,,
IMP-M13-I01,Supply Chain & Procurement,Sustainable Sourcing Policy & Process,Does your organization have a sustainable sourcing policy? What percentage of input materials are sourced sustainably? Describe the criteria and verification process used.,Mixed,% of inputs sustainably sourced,Current FY + Previous FY,Confirm whether a sustainable sourcing policy is in place. Report the percentage of inputs sourced sustainably. Describe the criteria used to define 'sustainable' and the verification or audit mechanism applied.,✓,—,✓,✓,3,BRSR-2 | BRSR-2,,EV-SUP100 | EV-SUP300,GRI-204-1a | GRI-204-1b | GRI-204-1c
IMP-M13-I02,Supply Chain & Procurement,Supplier Environmental Assessment,"What percentage of your suppliers have been assessed for environmental performance? Describe the assessment criteria, findings, and corrective actions taken.",Mixed,% of suppliers assessed; Number of corrective actions,Current FY,"Report the percentage of suppliers (by value of business) assessed for environmental criteria. Describe the assessment methodology, key findings, and any corrective action plans implemented.",—,—,—,✓,1,,,,GRI-308-1a | GRI-308-2a | GRI-308-2b | GRI-308-2c | GRI-308-2d | GRI-308-2e
IMP-M13-I03,Supply Chain & Procurement,Supplier Social & Human Rights Assessment,"What percentage of your suppliers have been assessed for social and human rights performance? Describe the assessment criteria, findings, and corrective actions taken.",Mixed,% of suppliers assessed; Number of corrective actions,Current FY,"Report the percentage of suppliers (by value of business) assessed for social and human rights criteria (including labor rights, safety, child labor, forced labor). Describe findings and corrective actions taken.",—,—,—,✓,1,,,,GRI-414-1a | GRI-414-2a | GRI-414-2b | GRI-414-2c | GRI-414-2d | GRI-414-2e
IMP-M13-I04,Supply Chain & Procurement,Local & MSME Procurement,"What percentage of your procurement (by value) is sourced from MSMEs, local producers, or suppliers within the district and neighbouring districts? Describe any preferential procurement policies.",Data Table,% of procurement by value,Current FY + Previous FY,"Report the percentage of total procurement (by value) sourced from MSMEs, small producers, and local suppliers (within the district or neighbouring districts). Describe any preferential procurement policy and its implementation.",✓,—,✓,—,2,BRSR-4 | BRSR-4,,EV-SUP320,
IMP-M13-I05,Supply Chain & Procurement,Human Rights in Business Agreements,"Do human rights requirements form part of your business agreements, contracts, and supplier onboarding processes? Describe how this is implemented and verified.",Yes / No + Description,Text; % of contracts covered,As at reporting date,State whether human rights clauses are embedded in standard supplier contracts and business agreements. Describe the specific requirements included and how compliance is verified or monitored.,✓,—,—,—,1,BRSR-8,,,
IMP-M13-I06,Supply Chain & Procurement,Value Chain ESG Compliance,What training and awareness programs have been conducted for value chain partners on ESG principles and responsible business conduct? Report coverage by percentage of value of business done.,Data Table,% of value chain partners covered,Current FY,Report the number and topics of ESG awareness programs conducted for value chain partners. Report coverage as a percentage of total value of business done with such partners. Describe training formats and outcomes.,✓,—,—,—,1,BRSR-3,,,
IMP-M13-I07,Supply Chain & Procurement,Supply Chain Transparency & Traceability,"To what extent has your organization achieved supply chain transparency and traceability? Describe the scope, tools used, and commodities covered.",Narrative,% supply chain traceable; Tier depth,As at reporting date,"Describe the level of supply chain transparency achieved. State the percentage of supply chain covered by traceability systems, the supply chain tiers mapped (tier 1, 2, 3+), and the tools or platforms used.",—,✓,✓,—,2,,CDP-1.23,EV-SUP6100 | EV-SUP710,
  M14  ·  LABOR & HUMAN RIGHTS,,,,,,,,,,,,,,,,
IMP-M14-I01,Labor & Human Rights,Employment & Workforce Data,"Report the total number of employees and workers (permanent and non-permanent), broken down by gender, category, and whether differently abled.",Data Table,Number of persons,As at end of FY + Previous FY,"Report total headcount broken down by employment type (permanent/non-permanent), category (employees/workers), gender (male/female), and whether differently abled. Report as absolute numbers and percentages.",✓,—,✓,✓,3,BRSR-18,,EV-LAB6010,GRI-2-7a | GRI-2-7b | GRI-2-7i | GRI-2-7v | GRI-2-7c | GRI-2-7d | GRI-2-7e | GRI-2-8a | GRI-2-8i | GRI-2-8b | GRI-2-8c
IMP-M14-I02,Labor & Human Rights,Employee Turnover & Retention,"Report the turnover rate for permanent employees and workers, broken down by gender, for the current and previous two financial years.",Data Table,% turnover rate,Current FY + 2 previous FYs,"Report turnover rates for permanent employees and workers, broken down by gender, for the current and two preceding financial years to show a 3-year trend.",✓,—,—,✓,2,BRSR-20,,,GRI-401-1a | GRI-401-1b
IMP-M14-I03,Labor & Human Rights,Wages & Minimum Wage Compliance,"Report the number and percentage of employees and workers paid equal to or more than the minimum wage, by gender and employment category. Report median remuneration by gender and category.",Data Table,Number; %; Median INR,Current FY + Previous FY,"Report the number and percentage of employees and workers paid equal to or more than minimum wage, by gender and employment category. Report median remuneration/salary/wages for each category and gender.",✓,—,✓,✓,3,BRSR-2 | BRSR-3 | BRSR-2 | BRSR-3,,EV-LAB1004 | EV-LAB1005 | EV-LAB3204 | EV-LAB4502,GRI-202-1a | GRI-202-1b | GRI-202-1c | GRI-202-1d | GRI-202-2a | GRI-202-2b | GRI-202-2c | GRI-202-2d
IMP-M14-I04,Labor & Human Rights,Employee Benefits & Well-being,"Report the percentage of employees and workers covered by health insurance, accident insurance, maternity benefits, paternity benefits, and daycare facilities. Describe retirement benefits (PF, gratuity, ESI) provided.",Data Table,% of employees/workers covered,Current FY + Previous FY,"Report the percentage of employees and workers covered by: health insurance, accident insurance, maternity benefits, paternity benefits, and daycare facilities. Also report coverage of retirement benefits (PF, Gratuity, ESI), broken down by permanent/non-permanent and gender.",✓,—,✓,✓,3,BRSR-1 | BRSR-2 | BRSR-1 | BRSR-2,,EV-LAB3205,GRI-401-2a | GRI-401-2i | GRI-401-2v | GRI-401-2b
IMP-M14-I05,Labor & Human Rights,Parental Leave & Return to Work,"Report the return-to-work rate and retention rate of permanent employees and workers who took parental leave, broken down by gender.",Data Table,% return-to-work rate; % retention rate,Current FY,"Report the return-to-work rate and the 12-month retention rate for permanent employees and workers who took parental leave, broken down by gender.",✓,—,—,✓,2,BRSR-5 | BRSR-5,,,GRI-401-3a | GRI-401-3b | GRI-401-3c | GRI-401-3d | GRI-401-3e
IMP-M14-I06,Labor & Human Rights,Freedom of Association & Collective Bargaining,Report the percentage of employees and workers who are members of recognized trade unions or associations. Describe the organization's approach to collective bargaining rights and freedom of association.,Data Table + Narrative,% of workforce unionized,Current FY + Previous FY,Report the number and percentage of employees and workers who are members of recognized trade unions or collective bargaining associations. Describe the organization's approach to freedom of association and collective bargaining rights.,✓,—,✓,✓,3,BRSR-7,,EV-LAB3300 | EV-LAB330,GRI-402-1a | GRI-402-1b | GRI-407-1a | GRI-407-1i | GRI-407-1b
IMP-M14-I07,Labor & Human Rights,Child Labor,"Has your organization assessed its operations and supply chain for child labor risks? Report any incidents, corrective actions, and the percentage of plants/suppliers assessed.",Mixed,Number of incidents; % operations assessed,Current FY + Previous FY,Report the number of child labor incidents identified in operations and supply chain. Report the percentage of plants/offices and suppliers assessed. Describe corrective actions taken.,✓,—,✓,✓,3,BRSR-9,,EV-LAB3510,GRI-408-1a | GRI-408-1i | GRI-408-1b | GRI-408-1c
IMP-M14-I08,Labor & Human Rights,Forced & Compulsory Labor,"Has your organization assessed its operations and supply chain for forced or compulsory labor risks? Report any incidents, corrective actions, and the percentage of plants/suppliers assessed.",Mixed,Number of incidents; % operations assessed,Current FY + Previous FY,Report the number of forced or compulsory labor incidents identified in operations and supply chain. Report the percentage of plants/offices and suppliers assessed. Describe corrective actions taken.,—,—,✓,✓,2,,,EV-LAB1007,GRI-409-1a | GRI-409-1i | GRI-409-1b
IMP-M14-I09,Labor & Human Rights,Human Rights Training & Awareness,Report the number and percentage of employees and workers who have received training on human rights issues and your organization's human rights policies.,Data Table,Number; % of workforce covered,Current FY + Previous FY,"Report the number and percentage of employees and workers who received training on human rights issues and organizational human rights policies, broken down by employment category and gender.",✓,—,✓,—,2,BRSR-1 | BRSR-1,,EV-LAB100,
IMP-M14-I10,Labor & Human Rights,Human Rights Due Diligence,Describe the scope and process of your organization's human rights due diligence. Have any business processes been modified as a result of human rights grievances?,Narrative,Text; % operations covered,Current FY,Describe the scope and methodology of the organization's human rights due diligence process. State whether it covers the value chain and what remediation actions have been taken as a result.,✓,—,—,—,1,BRSR-4 | BRSR-10 | BRSR-4,,,
IMP-M14-I11,Labor & Human Rights,Human Rights Grievances & Complaints,"Report the number of complaints related to sexual harassment, discrimination, child labor, forced labor, and wage disputes filed during the reporting period and pending at year-end.",Data Table,Number of complaints,Current FY + Previous FY,"Report complaints filed and pending resolution (at year-end) for: sexual harassment, discrimination at workplace, child labor, forced/involuntary labor, wage disputes, and other human rights issues.",✓,—,—,—,1,BRSR-5 | BRSR-6 | BRSR-7 | BRSR-5,,,
IMP-M14-I12,Labor & Human Rights,Indigenous Peoples' Rights,Report incidents of violations of indigenous peoples' rights related to your organization's operations. Describe corrective actions taken.,Narrative,Number of incidents,Current FY,"Report any incidents of violations of indigenous peoples' rights related to organizational operations or land use. Describe the context, parties affected, and corrective actions taken or underway.",—,—,—,✓,1,,,,GRI-411-1a | GRI-411-1b | GRI-411-1i
IMP-M14-I13,Labor & Human Rights,Transition Assistance & Career Endings,"Does your organization provide transition assistance programs (outplacement, retraining, retirement support) to employees facing career endings due to retirement or termination?",Yes / No + Description,Text,As at reporting date,"State whether transition assistance programs are available for employees facing career endings (retirement, redundancy, or termination). Describe the type of support offered (outplacement, retraining, counselling, financial support).",—,—,—,✓,1,,,,GRI-404-2a | GRI-404-2b
  M15  ·  OCCUPATIONAL HEALTH & SAFETY,,,,,,,,,,,,,,,,
IMP-M15-I01,Occupational Health & Safety,OHS Management System,"Has your organization implemented an occupational health and safety (OHS) management system? Describe its scope, coverage, and whether it is legally mandated or voluntary.",Narrative,% of workforce covered,As at reporting date,"Describe the OHS management system in place. State whether it is certified (e.g., ISO 45001), its scope of coverage (workers, contractors, visitors), and whether it is legally mandated or voluntary. Indicate if independently verified.",✓,—,✓,✓,3,BRSR-10 | BRSR-12,,EV-LAB3178,GRI-403-1a | GRI-403-1i | GRI-403-1b | GRI-403-8a | GRI-403-8i | GRI-403-8b | GRI-403-8c
IMP-M15-I02,Occupational Health & Safety,Hazard Identification & Risk Assessment,Describe the processes used to identify work-related hazards and assess risks on both a routine and non-routine basis. How is the quality of these processes assured?,Narrative,Text; % of operations covered,As at reporting date,Describe processes for identifying and assessing work-related hazards on a routine and non-routine basis. Include how the quality and effectiveness of these processes is assured and the tools or standards used.,—,—,—,✓,1,,,,GRI-403-2a | GRI-403-2i | GRI-403-2b | GRI-403-2c | GRI-403-2d | GRI-403-7a
IMP-M15-I03,Occupational Health & Safety,Worker Participation in OHS,Describe the mechanisms that allow workers to report work-related hazards and remove themselves from unsafe situations without fear of reprisal.,Yes / No + Description,Text,As at reporting date,Describe the formal mechanisms through which workers can report hazards and remove themselves from unsafe work situations without facing disciplinary action or reprisal.,—,—,—,✓,1,,,,GRI-403-4a | GRI-403-4b
IMP-M15-I04,Occupational Health & Safety,Safety Incidents & Lost Time Injuries,Report the Lost Time Injury Frequency Rate (LTIFR) and total recordable work-related injuries for both employees and workers for the current and previous financial year.,Data Table,Rate per million hours worked; Number,Current FY + Previous FY,Report the Lost Time Injury Frequency Rate (LTIFR) and total recordable work-related injuries separately for employees and workers. Provide the number of hours worked as the denominator.,✓,—,—,✓,2,BRSR-11,,,GRI-403-9a | GRI-403-9i | GRI-403-9v | GRI-403-9b | GRI-403-9c | GRI-403-9d | GRI-403-9e | GRI-403-9f | GRI-403-9g
IMP-M15-I05,Occupational Health & Safety,Fatalities,Report the number of work-related fatalities among employees and workers during the reporting period.,Data Table,Number of fatalities,Current FY + Previous FY,Report the total number of work-related fatalities separately for employees and workers. Describe the circumstances and the corrective or preventive actions implemented in response.,—,—,—,—,0,,,,
IMP-M15-I06,Occupational Health & Safety,Occupational Diseases & Ill-health,"Report cases of work-related ill-health and occupational diseases for employees and workers, including the types of diseases and rates.",Data Table,"Number of cases; Rate per 1,000 workers",Current FY + Previous FY,Report work-related ill-health and occupational disease cases separately for employees and workers. Include disease types where known. Describe monitoring programs in place.,—,—,—,✓,1,,,,GRI-403-10a | GRI-403-10i | GRI-403-10b | GRI-403-10c | GRI-403-10d | GRI-403-10e
IMP-M15-I07,Occupational Health & Safety,Healthcare & Medical Services,Do employees and workers have access to non-occupational medical and healthcare services? Describe the scope and nature of healthcare access provided.,Yes / No + Description,Text; % workforce covered,As at reporting date,"State whether employees and workers have access to non-occupational medical and healthcare services. Describe the types of services provided (on-site clinic, health insurance, wellness programs) and the coverage.",—,—,—,✓,1,,,,GRI-403-3a | GRI-403-6a | GRI-403-6b
IMP-M15-I08,Occupational Health & Safety,OHS Training & Awareness,"Report the number and percentage of employees and workers who received training on health and safety measures, by category and gender.",Data Table,Number trained; % coverage,Current FY + Previous FY,"Report the number and percentage of employees and workers who received OHS training during the reporting period, broken down by category (employees/workers) and gender.",—,—,—,✓,1,,,,GRI-403-5a
IMP-M15-I09,Occupational Health & Safety,OHS Assessments & Audits,"What percentage of your plants and offices have been assessed for health and safety practices and working conditions by internal teams, statutory authorities, or third parties?",Data Table,% of plants/offices assessed,Current FY,"Report the percentage of plants and offices assessed for health and safety practices and working conditions during the reporting year, by assessment type (internal, statutory authority, third-party).",✓,—,—,—,1,BRSR-14 | BRSR-15,,,
IMP-M15-I10,Occupational Health & Safety,Rehabilitation & Return to Work,"Report the number of employees and workers who suffered high-consequence injuries and have been rehabilitated and placed in suitable employment, or whose family members have been placed in suitable employment.",Data Table,Number of workers; Number rehabilitated,Current FY + Previous FY,"Report the total number of employees and workers who suffered high-consequence work-related injuries or ill-health, and the number who have been rehabilitated and placed in suitable employment or whose family members have been placed in employment.",—,—,—,—,0,,,,
"  M16  ·  DIVERSITY, EQUITY & INCLUSION",,,,,,,,,,,,,,,,
IMP-M16-I01,"Diversity, Equity & Inclusion",Gender Diversity in Leadership,Report the number and percentage of women on the Board of Directors and in Key Management Personnel positions.,Data Table,Number; % of total,As at end of FY,Report the total number and percentage of women on the Board of Directors and in Key Management Personnel (KMP) positions. Trend data for 3 years is encouraged.,✓,—,—,✓,2,BRSR-19,,,GRI-405-1a | GRI-405-1b | GRI-405-2a | GRI-405-2b
IMP-M16-I02,"Diversity, Equity & Inclusion",Workforce Gender Breakdown,Report the total number of employees and workers broken down by gender across all employment categories and levels.,Data Table,Number; % of total,As at end of FY,"Report total employees and workers broken down by gender (male, female, and other/non-binary where applicable) across all employment categories. Report as both absolute numbers and percentages.",—,—,—,—,0,,,,
IMP-M16-I03,"Diversity, Equity & Inclusion",Differently Abled Employees & Workers,"Report the number and percentage of differently abled employees and workers (permanent and non-permanent), broken down by gender.",Data Table,Number; % of total,As at end of FY,"Report the total number and percentage of differently abled employees and workers, broken down by permanent/non-permanent status and gender.",—,—,—,—,0,,,,
IMP-M16-I04,"Diversity, Equity & Inclusion",Equal Opportunity Policy & Accessibility,"Does your organization have an equal opportunity policy per the Rights of Persons with Disabilities Act (or equivalent)? Are your premises accessible to differently abled employees, workers, and visitors?",Yes / No + Description,Text,As at reporting date,"State whether an equal opportunity policy is in place (per Rights of Persons with Disabilities Act 2016 or equivalent). Confirm whether physical premises are accessible to differently abled employees, workers, and visitors. Describe gaps and plans to address them.",✓,—,—,—,1,BRSR-3 | BRSR-4 | BRSR-3 | BRSR-4,,,
IMP-M16-I05,"Diversity, Equity & Inclusion",Non-Discrimination,Report the number of discrimination incidents at the workplace during the current and previous financial year. Describe corrective actions taken.,Data Table,Number of incidents,Current FY + Previous FY,Report the number of discrimination incidents reported at the workplace during the current and previous financial year. Describe corrective actions taken and whether processes have been reviewed as a result.,—,—,✓,✓,2,,,EV-LAB3601 | EV-LAB561,GRI-406-1a | GRI-406-1b | GRI-406-1i
IMP-M16-I06,"Diversity, Equity & Inclusion",Performance & Career Development Reviews,"Report the number and percentage of employees and workers who received formal performance and career development reviews, broken down by gender.",Data Table,Number; % of workforce,Current FY + Previous FY,"Report the number and percentage of employees and workers who received formal performance and career development reviews, broken down by employment category and gender.",✓,—,—,✓,2,BRSR-9,,,GRI-404-3a
  M17  ·  TRAINING & SKILL DEVELOPMENT,,,,,,,,,,,,,,,,
IMP-M17-I01,Training & Skill Development,ESG & Ethics Training,"Report the percentage of board members, KMPs, employees, and workers covered by training on ESG principles, ethics, and anti-corruption during the financial year.",Data Table,Number of programs; % coverage,Current FY,"Report the number of ESG, ethics, and anti-corruption training programs conducted during the year. Report the percentage of Board members, KMPs, employees, and workers covered, by category. Include topics covered and impact assessment.",✓,—,—,—,1,BRSR-1 | BRSR-1,,,
IMP-M17-I02,Training & Skill Development,Health & Safety Training,"Report the number and percentage of employees and workers who received training on health and safety measures, by category.",Data Table,Number trained; % coverage,Current FY + Previous FY,"Report the number and percentage of employees and workers who received health and safety training, by category (employees/workers) and gender. Describe the content and format of programs offered.",✓,—,—,—,1,BRSR-8,,,
IMP-M17-I03,Training & Skill Development,Skills Upgradation Training,Report the total hours of skill development and professional training provided to employees and workers. Describe the types of programs offered.,Data Table,Total training hours; Average hours per employee,Current FY + Previous FY,"Report total hours and average hours of skill development and professional training provided per employee, by category and gender. Describe the types of programs offered and investment made.",—,—,✓,✓,2,,,EV-LAB343,GRI-404-1a
IMP-M17-I04,Training & Skill Development,Value Chain Partner Training,"Report the number of awareness programs conducted for value chain partners on ESG and responsible business conduct topics, and the percentage of partners covered.",Data Table,Number of programs; % of partners covered,Current FY,Report the number of ESG awareness and training programs conducted for value chain partners. Report coverage as a percentage of total value of business done with such partners. Describe the topics covered.,—,—,—,—,0,,,,
  M18  ·  COMMUNITY & SOCIAL IMPACT,,,,,,,,,,,,,,,,
IMP-M18-I01,Community & Social Impact,Social Impact Assessments,"Has your organization conducted Social Impact Assessments (SIA) for projects under applicable laws? Describe the methodology, whether conducted by an independent agency, and whether results are in the public domain.",Data Table,Number of SIAs; INR / USD,Current FY,"Report Social Impact Assessments (SIAs) conducted for projects under applicable laws. For each, provide project name, SIA notification number, date, whether conducted by an independent external agency, and whether results are publicly available.",✓,—,—,—,1,BRSR-1 | BRSR-1 | BRSR-5,,,
IMP-M18-I02,Community & Social Impact,Rehabilitation & Resettlement,"Provide details of any ongoing Rehabilitation and Resettlement (R&R) programs for project-affected families, including number of families, percentage covered, and amounts paid.",Data Table,Number of PAFs; INR paid,Current FY,"Report all ongoing Rehabilitation and Resettlement (R&R) projects. For each, provide the project name, state, district, number of Project Affected Families (PAFs), percentage covered by R&R, and total amounts paid during the year.",✓,—,—,—,1,BRSR-2 | BRSR-2,,,
IMP-M18-I03,Community & Social Impact,Community Engagement & Grievance Mechanisms,Describe mechanisms to receive and redress community grievances. Describe engagement with vulnerable and marginalized stakeholder groups and actions taken to address their concerns.,Narrative,Number of grievances,Current FY,Describe mechanisms available for communities to raise grievances and seek redress. Report engagement with vulnerable and marginalized groups and specific actions taken to address their concerns.,✓,—,—,✓,2,BRSR-3 | BRSR-3,,,GRI-203-1a | GRI-203-1b | GRI-203-1c | GRI-203-2a | GRI-203-2b
IMP-M18-I04,Community & Social Impact,CSR Expenditure & Projects,"Is CSR applicable to your organization under applicable laws? Report CSR expenditure, projects undertaken, and investments in aspirational or underserved districts.",Mixed,INR / USD; Number of projects,Current FY,"State whether CSR is applicable under Section 135 of the Companies Act (or equivalent). Report total CSR expenditure, projects undertaken, geographies covered, and investments in aspirational or underserved districts identified by government bodies.",✓,—,—,—,1,BRSR-22 | BRSR-6,,,
IMP-M18-I05,Community & Social Impact,Beneficiaries of CSR Projects,Report the total number of beneficiaries from CSR projects and the percentage from vulnerable or marginalized groups.,Data Table,Number of beneficiaries; %,Current FY,"For each CSR project, report the number of beneficiaries and the percentage who are from vulnerable or marginalized groups (women, scheduled castes/tribes, persons with disabilities, elderly, etc.).",—,—,—,—,0,,,,
IMP-M18-I06,Community & Social Impact,Local Community Engagement,"What percentage of your operations have implemented local community engagement programs, stakeholder engagement plans, or social impact assessments?",Mixed,% of operations; Number of programs,Current FY,"Report the percentage of operations with active local community engagement programs. Describe the types of programs (community development, infrastructure, livelihood support) and outcomes achieved.",—,—,—,✓,1,,,,GRI-413-1a | GRI-413-1i | GRI-413-1v | GRI-413-2a | GRI-413-2i
IMP-M18-I07,Community & Social Impact,Traditional Knowledge & Intellectual Property,Does your organization use or benefit from traditional knowledge in its products or processes? Describe benefit-sharing arrangements and any intellectual property disputes involving traditional knowledge.,Data Table + Narrative,Number of IP cases,Current FY,"Identify any intellectual property derived from traditional knowledge that the organization owns or has acquired. For each, describe whether benefits are shared with originating communities and the basis for calculating the benefit share.",—,—,—,—,0,,,,
  M19  ·  CUSTOMER & PRODUCT RESPONSIBILITY,,,,,,,,,,,,,,,,
IMP-M19-I01,Customer & Product Responsibility,Product Health & Safety Assessment,What percentage of your significant product and service categories have been assessed for health and safety impacts? Report incidents of non-compliance with product safety regulations.,Mixed,% of product categories assessed; Number of incidents,Current FY,"Report the percentage of significant product and service categories assessed for health and safety impacts. Report incidents of non-compliance with product safety regulations, including fines, warnings, and product bans.",—,—,—,✓,1,,,,GRI-416-1a | GRI-416-2a | GRI-416-2i | GRI-416-2b
IMP-M19-I02,Customer & Product Responsibility,Product Labeling & Information Requirements,"What percentage of your products and services carry information on environmental and social parameters, safe and responsible usage, and recycling or safe disposal guidance?",Data Table,% of products/turnover covered,Current FY,"Report the percentage of products and services (by number of SKUs or by turnover) that include labeling on: (a) environmental and social parameters, (b) safe and responsible usage, and (c) recycling or safe disposal guidance.",✓,—,—,✓,2,BRSR-2 | BRSR-2,,,GRI-417-1a | GRI-417-1i | GRI-417-1v | GRI-417-1b
IMP-M19-I03,Customer & Product Responsibility,Responsible Marketing & Advertising,"Report incidents of non-compliance with regulations concerning product and service information, labeling, marketing communications, and advertising. Describe corrective actions taken.",Data Table,Number of non-compliances; INR / USD fines,Current FY + Previous FY,"Report incidents of non-compliance with advertising and marketing regulations. For each, describe the nature of the non-compliance, regulatory action taken, and corrective measures implemented.",✓,—,—,✓,2,BRSR-6,,,GRI-417-2a | GRI-417-2i | GRI-417-2b | GRI-417-3a | GRI-417-3i | GRI-417-3b
IMP-M19-I04,Customer & Product Responsibility,Product Recalls,Report the number of voluntary and forced product recalls during the reporting period and the reasons for each recall.,Data Table,Number of recalls,Current FY,"Report the total number of voluntary and forced product recalls during the reporting period. For each recall, describe the product category, reason for recall, number of units affected, and actions taken to address the underlying safety issue.",✓,—,—,—,1,BRSR-4 | BRSR-4,,,
IMP-M19-I05,Customer & Product Responsibility,Consumer Complaints Management,Describe the mechanisms in place to receive and respond to consumer complaints and feedback. Report the number of complaints filed and pending resolution by category.,Data Table,Number of complaints,Current FY + Previous FY,"Describe the consumer complaint and feedback mechanism. Report complaints received and pending resolution at year-end by category: data privacy, advertising, cybersecurity, delivery of essential services, restrictive trade practices, unfair trade practices.",✓,—,—,—,1,BRSR-1 | BRSR-3 | BRSR-1 | BRSR-3,,,
IMP-M19-I06,Customer & Product Responsibility,Data Privacy & Cybersecurity,"Does your organization have a framework or policy on data privacy and cybersecurity? Report the number of data breaches, including those involving personally identifiable information (PII) of customers.",Mixed,Number of breaches; % involving PII,Current FY,"State whether a data privacy and cybersecurity policy or framework exists and provide a web link. Report the number of substantiated data breaches, including those involving personally identifiable information (PII) of customers.",✓,—,✓,✓,3,BRSR-5 | BRSR-5,,EV-FB3301,GRI-418-1a | GRI-418-1i | GRI-418-1b | GRI-418-1c
IMP-M19-I07,Customer & Product Responsibility,Essential Services Continuity,Describe mechanisms in place to inform consumers of any risk of disruption or discontinuation of essential services.,Yes / No + Description,Text,As at reporting date,Describe the mechanisms in place to proactively inform customers of risks of disruption or discontinuation of essential services. Include communication channels used and response time commitments.,—,—,—,—,0,,,,
IMP-M19-I08,Customer & Product Responsibility,Consumer Satisfaction,Has your organization conducted consumer satisfaction surveys? Describe channels through which product and service information is made accessible to consumers.,Narrative,Text; Sample size,Current FY,"Describe whether and how consumer satisfaction is measured (surveys, NPS, complaints analysis). Report key findings and channels through which product and service information is made accessible to consumers.",—,—,—,—,0,,,,
  M20  ·  ECONOMIC PERFORMANCE,,,,,,,,,,,,,,,,
IMP-M20-I01,Economic Performance,Economic Value Generated & Distributed,"Report direct economic value generated and distributed (EVG&D), including revenues, operating costs, employee compensation, community investments, and retained earnings.",Data Table,INR / USD (crore or million),Current FY + Previous FY,"Report Economic Value Generated and Distributed (EVG&D): revenues, operating costs, employee wages and benefits, payments to providers of capital, payments to governments (taxes), community investments, and retained earnings.",—,✓,—,✓,2,,CDP-1.4.1,,GRI-201-1a | GRI-201-1i | GRI-201-1b | GRI-201-3a | GRI-201-3b | GRI-201-3i | GRI-201-3c | GRI-201-3d | GRI-201-3e | GRI-201-4a | GRI-201-4i | GRI-201-4v | GRI-201-4b | GRI-201-4c
IMP-M20-I02,Economic Performance,Financial Implications of Climate Change,"Identify and report risks and opportunities posed by climate change that have the potential to generate substantive changes to your organization, including estimated financial implications.",Data Table + Narrative,INR / USD; Probability rating,Current FY,"For each material climate-related financial risk or opportunity, describe its nature, time horizon, likelihood, and estimated financial impact (as a range). Describe management costs and strategic response.",—,✓,—,—,1,,CDP-12.1 | CDP-12.1.1 | CDP-12.1.2 | CDP-12.1.3 | CDP-12.2 | CDP-12.2.1 | CDP-12.3 | CDP-12.4 | CDP-12.5 | CDP-12.6 | CDP-12.6.1 | CDP-12.7 | CDP-12.7.1,,
IMP-M20-I03,Economic Performance,R&D & Capex in Sustainable Technologies,Report the percentage of R&D and capital expenditure (capex) invested in technologies to improve environmental and social impacts of products and processes.,Data Table,INR / USD; % of total R&D/Capex,Current FY + Previous FY,Report total R&D and Capex investments. Report separately the amount and percentage invested in technologies to improve environmental and social impacts. Describe the nature of these investments.,✓,✓,—,—,2,BRSR-1 | BRSR-1,CDP-7.39 | CDP-7.40 | CDP-7.40.1,,
IMP-M20-I04,Economic Performance,Life Cycle Assessment (LCA),"Has your organization conducted a Life Cycle Assessment (LCA) for any products or services? Report the boundary, whether conducted by an independent agency, and whether results are publicly available.",Data Table + Narrative,Text; NIC Code,Current FY,"Report Life Cycle Assessments (LCAs) conducted for products or services. For each, provide the product/service name, NIC code, percentage of turnover, boundary of the LCA, whether conducted by an independent agency, and public availability of results.",✓,—,—,—,1,BRSR-5,,,
  M21  ·  LEGAL & ENVIRONMENTAL COMPLIANCE,,,,,,,,,,,,,,,,
IMP-M21-I01,Legal & Environmental Compliance,Environmental Law Compliance,"Is your organization compliant with applicable environmental laws and regulations (Water Act, Air Act, Environment Protection Act, and equivalent)? Report any non-compliances, regulatory actions, and corrective measures.",Mixed,Number of non-compliances; INR fines,Current FY,"State whether the organization is compliant with all applicable environmental laws (Water Act, Air Act, Environment Protection Act, and associated rules). Report any non-compliances, fines, regulatory orders, and corrective actions taken.",✓,—,—,—,1,BRSR-12,,,
IMP-M21-I02,Legal & Environmental Compliance,Environmental Impact Assessments,"Has your organization conducted Environmental Impact Assessments (EIA) for projects under applicable regulations? Provide details including notification number, date, whether by independent agency, and public disclosure status.",Data Table,Number of EIAs,Current FY,"Report all Environmental Impact Assessments conducted for projects under applicable notification requirements. For each, provide the project name, EIA notification number, date, whether conducted by an independent external agency, and public disclosure status.",✓,—,—,—,1,BRSR-11,,,
IMP-M21-I03,Legal & Environmental Compliance,Social & Labor Law Compliance,"Is your organization compliant with applicable social and labor laws (rights of differently abled persons, human rights legislation, labor regulations)? Report any non-compliances and corrective actions.",Mixed,Number of non-compliances,Current FY,"State whether the organization is compliant with applicable social and labor laws (Rights of Persons with Disabilities Act, human rights legislation, minimum wages, labor regulations). Report non-compliances and corrective actions.",—,—,—,—,0,,,,
IMP-M21-I04,Legal & Environmental Compliance,Non-Compliances & Corrective Actions,"Report all instances of non-compliance with environmental, social, or governance regulations during the reporting period, including penalties imposed and corrective actions taken or underway.",Data Table,Number of instances; INR / USD penalties,Current FY,"Report all instances of regulatory non-compliance across environmental, social, and governance domains. For each, describe the applicable law, nature of the non-compliance, penalty or action taken, and corrective measures underway or completed.",—,—,—,✓,1,,,,GRI-2-27a | GRI-2-27i | GRI-2-27b | GRI-2-27c | GRI-2-27d